Trial,Alpha_Avg_Time,Naive_Avg_Time,Strassen_Avg_Time
2,0.00018916700355475768,0.0001263329977518879,0.00012891699589090422
3,0.0005983329974696971,0.0003672079983516596,0.00010954099707305431
4,0.0025280829941038974,0.0009871660004137084,0.00011350000568199903
5,0.003416665997065138,0.0025206249993061647,0.00010720799764385447
9,0.059636458005115855,0.036320790997706354,0.00011424999684095383
10,0.06652720800047973,0.05597424999723444,0.00012216599861858413
11,0.13015604199608788,0.09398483300174121,0.00011504200665513054
